<?xml version="1.0" encoding="UTF-8"?>
<project-private xmlns="http://www.netbeans.org/ns/project-private/1">
    <editor-bookmarks xmlns="http://www.netbeans.org/ns/editor-bookmarks/2" lastBookmarkId="0"/>
    <open-files xmlns="http://www.netbeans.org/ns/projectui-open-files/2">
        <group>
            <file>file:/C:/Users/bryan/OneDrive/Documentos/Universidad%20Fidelitas/Segundo%20cuatrimestre/3%20Miercoles%20-%20Introduccion%20a%20la%20programacion/semana%2010/Ejercicio%20practico%203/src/ejercicio/practico/pkg3/Producto.java</file>
            <file>file:/C:/Users/bryan/OneDrive/Documentos/Universidad%20Fidelitas/Segundo%20cuatrimestre/3%20Miercoles%20-%20Introduccion%20a%20la%20programacion/semana%2010/Ejercicio%20practico%203/src/ejercicio/practico/pkg3/VentasSemana.java</file>
            <file>file:/C:/Users/bryan/OneDrive/Documentos/Universidad%20Fidelitas/Segundo%20cuatrimestre/3%20Miercoles%20-%20Introduccion%20a%20la%20programacion/semana%2010/Ejercicio%20practico%203/src/ejercicio/practico/pkg3/EjercicioPractico3.java</file>
        </group>
    </open-files>
</project-private>
